patient_id,age,sex,bmi,hypertension,diabetes,smoker,sbp,ldl,prior_cvd,adverse_event
P0001,34,M,21.132066753789918,0,0,1,112.07166641078987,121.83521209501856,0,0
P0002,57,F,26.62438814184411,0,0,0,122.169718476587,149.9794069236293,0,0
P0003,65,F,29.39524162254436,0,0,0,127.42832365663476,119.57400395068731,0,0
P0004,57,M,21.98292745992466,1,0,0,133.34578305503243,142.10755058135805,0,1
P0005,31,F,26.9040395396904,0,0,0,133.61236473991232,113.21055077733949,0,1
P0006,73,F,25.260790926903177,1,0,0,145.2611364705649,111.35391652807598,0,0
P0007,62,F,27.034992785099906,0,0,0,136.59697231358615,107.14502388746976,0,1
P0008,80,F,26.890368650984023,0,0,0,117.72372793657962,144.1166682825918,0,1
P0009,47,M,32.939633217524275,1,0,0,126.3753044242668,110.10779726630942,0,0
P0010,79,M,28.23104582342913,0,1,0,119.12571903196124,147.19156955302535,0,0
P0011,70,F,23.74083527551484,0,0,0,141.7827968593726,92.4352358210322,0,0
P0012,68,F,23.056770333350563,1,0,0,128.52806369162613,141.14599779285757,0,0
P0013,57,F,19.695814068272743,0,0,0,129.33275620383418,104.02695505425767,0,0
P0014,59,M,25.741122300040264,1,0,0,139.14351765230302,124.58754781539832,0,0
P0015,51,F,32.625664068477576,0,0,1,131.8245510569721,165.2524848282619,0,0
P0016,53,F,27.55541254354132,0,0,0,126.79627576564747,141.17619422748282,0,0
P0017,34,F,26.894381072519124,0,0,0,93.09522360751025,94.45662258532026,0,0
P0018,54,F,22.794325348376915,0,0,0,127.65525115336523,97.07328380211075,0,0
P0019,74,F,21.84617861331403,0,1,0,132.20609826487294,150.40723457535302,0,1
P0020,32,M,32.07627403105367,0,0,0,140.02722866301713,111.35211490005692,0,0
P0021,46,M,28.6620631020253,0,0,1,137.78772512549,87.06393794681244,0,0
P0022,73,M,20.16982361758879,1,0,1,143.36824768607823,70.00151997746966,0,0
P0023,38,M,27.983547061180435,0,1,0,137.6843774290023,133.8785322482661,0,0
P0024,74,F,21.918688918533757,1,1,0,142.38043678878248,110.6857006442583,0,0
P0025,43,F,22.690580771985637,1,0,0,131.4919641021475,71.5222847096727,0,0
P0026,61,F,32.0864670776681,0,0,0,122.5418692985624,164.83559599529445,0,0
P0027,38,M,20.877625601273362,0,0,0,130.84707454735948,135.01512121059082,0,0
P0028,31,F,25.084774912958398,0,0,0,117.1509084521667,110.63495530793497,0,0
P0029,56,M,25.33160136916137,0,0,0,118.69949996914237,118.77886340300515,0,0
P0030,63,F,25.758763453995797,1,0,1,120.05999131900451,134.51035304214665,0,0
P0031,46,F,31.41258698206763,0,1,1,131.93940413057683,133.63792623281867,0,0
P0032,75,F,29.177753233783864,0,0,0,117.85827724305848,78.26853375769335,0,0
P0033,44,F,28.898293451219523,0,0,1,115.26881509535245,127.55077679724201,0,0
P0034,78,F,22.891750629809028,1,1,0,145.3706185745884,115.16021939863421,0,0
P0035,35,F,25.60610389061324,0,0,0,117.9948425395286,78.14814383610671,0,0
P0036,76,F,24.389441406556244,0,0,0,142.00577515163232,128.6343686498637,0,1
P0037,80,F,28.483154481178943,1,1,0,119.3288875619329,196.91118972277312,0,1
P0038,68,F,27.126079472288723,0,0,0,119.94727718424082,144.03628300195336,0,0
P0039,75,F,23.189934570835266,0,1,0,133.75261462430214,145.21325087747266,0,1
P0040,39,M,26.218678373831338,0,0,0,103.96605104548188,99.40139008321447,0,0
P0041,36,M,21.94693548445117,0,0,0,105.40670731784923,141.31385377826584,0,0
P0042,54,F,31.273944469568747,0,0,1,143.62412686416036,88.2001861982594,0,1
P0043,31,F,22.59323814216085,0,0,0,108.90296733860625,84.35301816167024,0,0
P0044,44,M,26.718210384987774,0,0,0,112.37446394600377,179.55438267816874,0,0
P0045,46,M,26.37639677564873,0,0,0,115.39888289797035,145.12194847900778,0,0
P0046,76,M,32.0352685731899,1,0,0,152.90907281695058,92.78128878507566,0,1
P0047,72,M,25.328865297167788,0,0,0,140.26442327005833,161.4680207425256,0,0
P0048,43,M,26.334836845452617,0,0,0,120.87128637773563,100.99004992176275,0,0
P0049,80,M,32.03895732040922,1,0,0,157.9667916401542,107.02204818858559,0,0
P0050,55,M,23.748229446003805,1,0,0,119.50608821980396,111.99361571132502,0,0
P0051,59,M,31.78128486384729,0,0,0,132.13467906016464,110.40428363816784,0,1
P0052,78,M,29.056292225602473,1,0,0,131.18310332980622,93.55092080001937,0,0
P0053,36,F,28.30168077220479,0,0,1,104.85397116170611,156.60298011871163,0,0
P0054,51,M,25.99523321259733,0,0,0,130.04876838017842,146.87067134003092,0,0
P0055,73,M,22.006074811411974,1,0,0,135.53883580661733,108.90831443902935,0,0
P0056,51,F,27.827072313072655,0,0,0,139.97995854814036,101.7862457191373,0,0
P0057,67,F,20.76057032752017,0,0,1,126.89204452732133,67.25667706894441,0,0
P0058,48,F,27.072136554954422,1,0,1,138.89650178507202,121.47438048766278,0,0
P0059,35,F,32.66880328150279,0,1,0,115.79570714942645,140.90674034185804,0,0
P0060,71,F,32.357338258959345,1,1,0,136.74970552241035,89.39447373264079,0,0
P0061,39,F,18.640778669561797,0,0,0,124.38642060377728,111.20993700903597,0,0
P0062,68,M,17.0,0,0,0,141.01779232763224,112.36875815824608,0,0
P0063,51,F,24.047003153300516,0,0,0,138.1856661776201,97.44253319845939,0,0
P0064,64,M,34.36193873915012,0,0,0,145.12481862630554,123.68652537742496,0,0
P0065,75,M,30.67952469514504,1,0,0,135.57724193895572,143.62096183705563,0,0
P0066,47,M,32.09483042647662,0,0,0,115.90055936606973,109.94266246733818,0,0
P0067,42,M,23.340083508694452,0,0,0,128.63505091784086,62.13169095962576,0,0
P0068,76,F,32.80911899491561,0,1,1,110.72006331439654,113.43370805070832,0,0
P0069,51,F,31.986280100796698,0,0,0,138.46835298599942,147.52907966432684,0,0
P0070,59,F,26.398417839877585,1,0,0,127.55838279307991,117.90395487906068,0,0
P0071,36,M,18.935480423115855,0,0,0,114.26267630959994,118.39580967944322,0,0
P0072,59,M,23.235118577192555,1,0,0,144.70898899240765,127.6180586906458,0,1
P0073,34,M,21.455761672643543,0,0,0,119.53250740650046,115.97886858308954,0,0
P0074,64,M,23.695124193220618,0,1,0,115.49741454526524,128.2146032655371,0,0
P0075,55,F,29.51683911863627,0,0,0,120.96751329011663,110.76960268643619,0,0
P0076,36,F,27.577711160890075,0,0,0,113.67275583379362,126.99557032522236,0,0
P0077,46,F,17.0,0,0,0,111.28299164240137,122.49709892171832,0,0
P0078,77,F,24.594431721212537,1,0,0,131.32620600539127,165.43146051615622,0,0
P0079,47,F,32.0291916981112,1,0,0,152.72940064338135,153.15426042145089,0,0
P0080,62,M,26.052329208701952,0,0,0,136.11826690413147,114.14762251506079,0,0
P0081,72,M,30.992426906273433,1,1,0,120.1128430414109,169.9788197107903,0,1
P0082,79,M,30.746764041624502,1,0,1,153.32276003885258,132.1573001347364,0,0
P0083,40,F,23.774679847917728,0,0,0,129.7016625320153,68.52334485223807,0,1
P0084,76,F,33.53327555080483,0,0,0,118.73498499283893,98.85716596977937,0,0
P0085,51,F,26.361616177415357,0,0,0,135.60766525078446,136.17432403411357,0,0
P0086,58,F,25.752991926327056,1,0,0,128.1488526249055,74.42464848979242,0,0
P0087,32,F,21.328427909943468,1,0,0,137.25423394458625,50.0,0,0
P0088,78,M,32.76812871688199,0,0,0,93.37246772087468,107.18409707712277,0,0
P0089,71,F,26.214510792063432,0,0,0,121.03676081884429,91.97217392688677,1,0
P0090,36,M,25.815850121305854,0,0,1,134.41971610808991,125.70586128721371,0,0
P0091,75,M,26.19225924896509,1,1,0,128.77489119677648,129.41529204775028,0,0
P0092,44,M,30.39385326553578,0,0,0,130.599234518587,130.10887518393713,0,0
P0093,53,M,31.862257782556156,0,0,0,138.09659387068206,99.70840229960086,0,0
P0094,40,M,28.084068985398414,0,0,0,119.12597931423498,74.67926290360799,0,0
P0095,57,M,36.16172337293392,0,0,0,90.0,150.06082458954094,0,0
P0096,31,M,22.23875438158272,0,0,0,117.65355519352713,117.91582442524675,0,0
P0097,65,F,25.623712543349995,0,0,0,116.54665993742682,124.15240238632404,0,0
P0098,34,F,26.70848898141014,0,0,0,141.30213885830923,88.51942076914429,0,0
P0099,73,M,23.248338061633497,1,1,0,120.96831448859369,105.62013251861798,0,0
P0100,46,F,30.872900378929103,0,0,0,107.70048928881327,110.71226255160356,0,0
P0101,74,M,27.902274080837643,1,1,1,138.25577397147129,115.8960777601814,0,1
P0102,62,F,26.64278532133811,0,1,0,105.03676224800148,153.50298248313624,0,0
P0103,33,F,24.86934044253648,1,0,0,137.2111558827793,179.9062447142017,0,0
P0104,41,F,19.57657961845802,0,0,0,149.3529678980153,106.5254980519653,0,0
P0105,52,F,23.532742413601387,0,0,0,108.11280415912324,111.75223500676653,0,0
P0106,70,F,22.908973387903064,0,0,0,138.09667943225037,113.65536765971059,0,0
P0107,33,M,23.61007135115744,0,0,0,115.86269925040936,133.05275420211024,0,0
P0108,79,F,29.10371442542622,0,1,0,140.2886996334947,146.06387879288923,0,0
P0109,63,F,22.430814539599226,0,0,1,130.4931284977208,119.11408046130899,0,1
P0110,75,M,29.718716539262154,1,0,1,168.44266550329513,101.80912644203526,0,0
P0111,42,F,31.068560268971332,0,0,0,123.65830855195256,89.82480903711664,0,0
P0112,65,M,22.247568150132413,0,0,0,133.69623849718462,130.48049891151285,0,0
P0113,59,M,19.489187661342356,0,0,0,125.24081992592436,118.04439973560542,0,0
P0114,48,M,20.785646895688316,0,1,0,118.61317502489425,134.25781061982238,0,0
P0115,68,F,31.193013478376916,0,1,0,137.8146988147961,141.74502895612375,0,0
P0116,37,M,29.88492043335122,0,0,0,109.55427093596772,192.94633606714902,0,1
P0117,48,M,28.576539375455532,1,0,0,146.5863079123482,70.17774778087511,0,0
P0118,57,M,33.65900454104247,0,0,1,134.27282942500958,105.39256742616432,0,0
P0119,44,F,26.549535455972887,0,0,0,130.67931436100804,131.4424404092517,0,0
P0120,66,M,26.07508535709243,0,1,0,141.41533274222135,97.75203534118305,0,1
P0121,76,M,34.56772536892701,0,0,0,124.64806831135634,146.76739877365523,1,1
P0122,33,F,29.78563267138431,0,0,0,135.76197438584927,122.11746930047657,0,0
P0123,77,F,22.237221141778523,0,1,0,109.28392690429882,173.52895351255395,0,0
P0124,71,M,24.266827975450287,0,0,1,126.13083683259092,136.5162860093581,0,1
P0125,58,F,23.294146343299712,0,0,0,98.96028612615618,118.93172471088886,0,0
P0126,46,M,27.095677804561884,0,0,0,110.68522508226283,111.35495540833465,0,0
P0127,38,F,27.247992450429003,0,0,0,127.71274848532639,112.16083623402895,0,0
P0128,62,F,24.848929847771668,0,0,0,112.07882903623961,129.00543285478227,0,0
P0129,62,F,27.50408093086881,1,0,1,151.7746587363338,111.95909093336103,0,0
P0130,66,F,23.240982931987457,0,0,0,127.51217171530794,91.42540457141217,0,0
P0131,30,M,27.100401967077886,1,0,0,136.63523992571297,114.2150785585295,0,0
P0132,50,M,26.093798403347503,0,0,1,131.95217641392517,99.37205145540062,0,0
P0133,35,F,22.171856536212626,0,0,1,133.15395467165234,111.79699997406512,0,0
P0134,78,F,32.85098146776932,0,0,0,130.70191970548566,153.06368044926114,0,0
P0135,60,F,30.737321241762466,0,0,1,126.76207183126672,111.45503634008132,0,0
P0136,71,M,23.5876041505595,1,0,0,135.71233594509678,114.77431357391158,0,0
P0137,78,F,26.568988195760575,1,0,1,159.6779435446892,154.24184500264172,0,1
P0138,70,F,24.291230373816912,1,0,0,146.5887661875333,93.0884342786897,1,1
P0139,66,M,22.194167405902558,1,0,0,153.48374223756042,127.4238736639759,0,0
P0140,31,M,28.35143652204023,0,0,1,124.63583319690632,71.0107109189548,0,0
P0141,72,F,31.247277236611698,1,1,1,165.56310726341638,136.46211983474353,0,1
P0142,35,M,27.66670764293091,0,0,0,147.91398952144468,88.88720305779185,0,0
P0143,76,M,28.34746565196411,1,0,0,134.58606712769657,159.85226088365098,0,0
P0144,33,M,24.840163773682093,0,1,0,137.30419918211163,152.80882463000432,0,0
P0145,70,M,18.45328369868504,1,0,0,161.64476017088413,124.72261036686584,0,0
P0146,35,F,31.904209384104245,0,0,0,106.45774360277426,180.59489750419743,0,0
P0147,77,F,24.616738341894834,1,1,0,132.22337286006444,118.85724478175791,0,1
P0148,40,M,32.59071230465082,0,0,0,114.03028292484521,143.35614136935365,0,1
P0149,50,F,26.475119404755702,0,0,0,131.6579956160458,125.17714360803106,0,0
P0150,61,M,24.039512316270514,0,1,0,129.21293992710872,140.96128919186404,0,0
P0151,68,F,28.46785705651773,0,0,0,91.66801703671626,149.03246909781546,0,0
P0152,45,F,20.791129216597295,0,0,0,144.05573701968802,180.07594388670972,0,0
P0153,53,F,28.20327120253571,1,0,0,143.41735765720594,76.50601108758406,0,0
P0154,55,M,30.975028455132193,0,0,1,137.90249776581066,87.39335924611001,0,0
P0155,78,M,24.987934388228865,0,0,0,108.21185712162165,121.92164298477884,0,0
P0156,80,M,21.13202371343089,1,0,0,123.66426050516506,153.3279349047675,0,0
P0157,64,M,25.300511718580623,0,0,0,118.70569898841174,138.6115249129672,0,0
P0158,38,M,24.067471326848835,0,0,0,122.48592046723427,142.0813056309995,0,1
P0159,49,M,20.560526626552782,0,0,0,132.88209602775873,138.4120405035961,0,0
P0160,62,M,26.4241008207701,0,0,0,114.99917934181408,142.07155464791512,0,1
P0161,61,F,27.40193409374773,1,0,0,137.4887639476387,71.02548971126342,0,0
P0162,78,M,26.37594898378983,1,1,0,154.42580214986447,79.8894078274264,0,0
P0163,72,M,28.519788088244272,1,0,0,160.47467015256308,81.32166162257406,1,1
P0164,62,F,20.89431504200884,1,0,0,138.34663920923163,87.91768932471845,0,0
P0165,35,F,23.51479313880921,0,0,0,113.6237363651947,127.06598166601307,0,0
P0166,69,F,27.07887810716705,1,0,1,115.8699756497868,133.4118398138503,0,0
P0167,68,M,22.04957485243114,0,0,0,132.97505508993208,113.11642235634827,0,0
P0168,71,F,25.435435495538844,1,0,0,131.0642593262631,101.91474347063838,0,0
P0169,61,F,25.839919968388795,0,0,0,95.68993168255182,152.8627736449335,0,0
P0170,58,F,34.97242805538316,0,0,0,120.20717323040525,159.47089637353108,0,0
P0171,76,F,23.837003049528253,1,0,0,147.60430100837812,105.32501342568045,0,0
P0172,50,F,19.20552016311822,0,0,1,132.68639106498495,169.19014513928917,0,0
P0173,71,M,32.65552445464433,0,1,0,113.37604216677072,170.78213445844122,0,0
P0174,69,M,28.924241009605662,1,1,0,121.47512122570882,139.6617569336676,1,0
P0175,73,F,27.867777012911695,1,0,0,136.42296570676618,120.83478099371536,0,0
P0176,77,F,35.37257663255014,0,0,0,146.6308107035596,100.693701730643,0,0
P0177,80,M,27.657686205046787,1,0,0,156.47028985637644,115.33997750007305,0,0
P0178,56,F,18.84947507863324,0,0,0,109.49254667471195,122.89099524304008,0,0
P0179,58,F,25.618920043242962,1,1,0,134.78068654213374,129.44149199019688,0,1
P0180,40,M,32.40558657175984,0,0,0,122.25499614832607,90.52948914478716,0,0
P0181,34,F,26.646878050697076,0,0,0,126.93530835882656,110.59848535805807,0,0
P0182,62,M,21.998326117532503,0,0,0,137.52484745250467,135.53145502299827,0,0
P0183,38,M,23.365214485926487,0,0,0,141.7972566862288,79.34378532602797,0,0
P0184,74,F,23.893534727838503,0,1,1,105.32215239697405,143.23149469062795,0,0
P0185,46,M,30.06243786767944,0,0,0,135.8220264951602,107.4595402759769,0,0
P0186,39,F,28.495155687708007,0,0,0,135.12223486623853,76.98517202435757,0,0
P0187,73,F,31.255313127083188,1,0,0,128.1627635958265,157.84095344073606,0,0
P0188,76,M,34.56443351509673,1,0,0,109.21928048029275,134.76911269860526,0,1
P0189,55,F,26.308299931810065,0,1,0,134.2802507753924,181.55101054325692,0,0
P0190,32,F,28.507542413234948,0,0,0,120.99156271743038,119.06694819877727,0,0
P0191,67,M,24.206907394050024,1,1,0,136.4078359055913,100.69732714847586,0,1
P0192,71,F,17.0,0,1,0,134.34786984982796,127.61160715035285,0,0
P0193,77,F,31.92971814715341,0,1,0,109.41260461555781,62.77842670440475,1,0
P0194,55,M,24.46365375861279,1,0,0,122.84492287403097,117.71368518333364,0,0
P0195,47,F,29.917019454346892,0,0,0,142.248867002723,108.92845093740895,0,0
P0196,63,M,28.575043537402617,1,0,0,134.49777030640834,196.2755796159847,0,1
P0197,73,F,27.47758466176829,0,0,0,114.93384321607165,127.64453979825515,0,0
P0198,32,M,20.151901121832513,0,0,0,111.91986618496652,77.27696651926911,0,0
P0199,51,F,25.8757532907703,0,0,0,131.3829241662145,80.65143255974154,0,0
P0200,67,F,26.561436784558815,0,0,0,99.00782258450702,168.92683741241467,0,0
P0201,50,F,23.464195965222736,0,0,0,123.96793638788077,84.57618507197238,0,0
P0202,58,M,17.441298607046516,0,0,0,121.58236909430617,103.09265375481974,0,0
P0203,67,M,27.385848073940082,1,0,0,151.7175556652869,102.25404266231881,0,1
P0204,59,M,25.22258771072847,1,0,0,140.01845914263924,85.00407131369997,0,0
P0205,44,M,26.71845235582685,0,0,0,120.23507808090234,120.96631284497381,0,0
P0206,30,F,27.90380164369321,0,0,0,126.7417028009388,171.63108754239838,0,0
P0207,59,F,26.918087104630136,1,0,0,145.90730880246812,122.84533247494409,0,0
P0208,60,M,23.77315770771229,0,0,1,137.0268177755469,115.60712175464856,0,1
P0209,31,M,22.775576540866336,0,0,0,144.4388435800181,50.0,0,0
P0210,55,F,27.187858483730697,0,0,0,120.53758090530731,93.23334456737177,0,0
P0211,53,F,24.584569611317765,0,0,1,124.9813691190174,104.31887692323866,0,0
P0212,46,M,19.90889049999312,0,0,0,111.66401518973485,122.56097184220984,0,0
P0213,68,F,28.8164024000687,1,0,0,155.49321592550967,129.19215688693325,0,0
P0214,76,F,17.0,1,1,0,138.3902468461828,161.9560989801055,0,1
P0215,79,M,22.345329305275985,0,1,0,130.44716058456584,144.1700236420314,0,0
P0216,44,F,23.59850211132019,0,0,0,143.11989422664877,69.99771263029602,0,0
P0217,64,F,25.21340832364156,1,0,0,156.0987163569168,155.31990149286344,0,0
P0218,47,M,25.515965730924435,0,0,0,123.10757373200813,112.85889833672877,0,0
P0219,49,M,30.719949983104932,0,0,0,111.02844074138363,127.59128627268545,0,0
P0220,42,F,18.06411927675465,1,0,0,143.5968566246208,152.45536640860817,0,0
P0221,61,F,24.394506744720076,0,0,0,123.30780673388823,110.0008325820402,0,0
P0222,34,M,25.725993825960103,0,0,0,119.32652805010625,129.3155169601485,0,0
P0223,63,F,32.83504996830006,1,0,0,132.0458445607268,172.05701263701263,0,0
P0224,51,F,24.497764014920524,0,0,0,130.11145834816742,130.97576222628467,0,1
P0225,30,M,33.311959201997226,0,0,0,136.9330886021104,129.0735247718304,0,0
P0226,73,F,17.37789280475767,0,0,0,124.96786734403567,106.41181866471186,0,0
P0227,51,F,25.818728371970074,0,0,0,116.32940636012914,145.5156947325658,0,0
P0228,44,F,28.067656923424472,0,0,0,123.12732969984002,175.43401561340625,0,0
P0229,44,F,22.177084921307333,0,0,1,130.7410501822216,195.12855765155695,0,1
P0230,41,M,20.470787236179845,0,1,0,104.30179448773997,132.07549436581485,0,0
P0231,51,F,32.64745515728808,1,0,0,152.51581273627107,157.99659483804305,0,0
P0232,70,M,24.41470793067335,0,1,0,118.26637176994709,119.75146167202014,0,0
P0233,38,F,26.616706855315638,0,0,0,137.32239175608342,82.28072978130767,0,0
P0234,39,F,23.285987609725584,0,0,0,115.03961975869572,100.81578499642035,0,0
P0235,67,M,24.574845873096496,0,0,0,151.3392591451353,109.40195335878045,0,0
P0236,61,F,31.642130315731542,0,0,0,129.2511287234575,87.87709703325804,0,0
P0237,69,M,28.66442331475332,0,1,0,99.74615605478445,117.90609328180749,1,1
P0238,57,M,22.867061251308385,0,1,0,125.85847682196416,166.4596402505754,0,1
P0239,45,M,28.037778301213365,0,0,0,130.25812703689405,140.80439502498479,0,0
P0240,38,M,26.647732077040324,0,0,0,112.82304794304594,131.72224371265995,0,0
P0241,73,F,23.667224512628998,0,1,0,136.6834993759794,144.04026556871062,0,0
P0242,46,M,26.475152992067937,0,0,0,118.18895953753504,122.0267864592236,0,1
P0243,38,F,24.08749446133643,1,1,0,140.68140246194065,110.24980030799424,0,0
P0244,43,F,22.132118423513933,0,0,0,126.29709306652168,130.4257439148209,0,0
P0245,36,F,23.2174823478223,0,0,0,117.58195984810452,108.14477457523724,0,0
P0246,52,F,28.162404237523152,0,0,0,134.29470124428747,112.4540426596508,0,0
P0247,71,M,35.48339692147053,1,1,0,134.0838032979324,134.56891859748876,0,0
P0248,36,F,26.41875559616091,1,1,0,111.10992991003586,149.7512064899818,0,0
P0249,59,M,24.67097720111596,0,0,0,151.0006446807759,88.3199464470667,0,1
P0250,47,F,26.053651256814906,0,0,0,121.68537410137371,84.04831302835768,0,0
P0251,80,F,26.39023619176162,0,0,0,137.13421944143076,125.12636179070064,0,0
P0252,45,M,21.205097211863606,0,0,0,127.68526826935974,95.7143425270696,0,0
P0253,72,F,20.71058752086865,0,0,0,134.62063565929753,103.54956305960242,0,0
P0254,57,F,19.87377130013863,0,1,0,133.12865724309685,106.44765149409315,0,0
P0255,62,F,24.84583061187833,0,0,0,135.05257755121426,161.28634588188513,0,0
P0256,52,M,32.1022136308072,0,0,0,118.53930432976932,137.0015542931507,0,0
P0257,57,F,21.511240780601327,0,0,0,120.38426185728909,77.17171998401082,0,0
P0258,71,M,28.27358391445535,0,0,0,114.246728230049,122.15641852738057,0,0
P0259,52,F,24.330402186524225,0,0,0,130.60125015193267,122.58772803301973,0,0
P0260,66,M,32.768947318082084,0,0,0,105.67616642260803,117.26135513354153,0,0
P0261,35,M,24.532319570718347,0,0,0,119.73934532451318,136.36950074743066,0,0
P0262,77,F,31.54350435307163,0,0,1,130.28899392335055,151.53045913725293,0,0
P0263,43,M,23.560364134391317,0,0,0,135.65243772526364,99.78842394225742,0,1
P0264,47,F,29.349316823928707,0,1,0,112.573003349023,151.43007817407025,0,0
P0265,48,M,33.21622408232592,1,0,0,154.4773746037933,62.98515537845377,0,0
P0266,33,M,26.86703861360706,0,0,0,114.22554806422949,125.28587472685409,0,0
P0267,70,F,31.886280343940953,0,0,0,134.67400172513788,78.78244576682314,0,0
P0268,74,F,23.62885357694393,0,1,0,94.63958598800602,191.0916015167423,0,0
P0269,47,M,23.510292616717773,0,0,0,131.5700989063712,80.44683719729068,0,0
P0270,49,F,26.074633769749074,0,0,0,120.78589202959924,118.79284359629524,0,0
P0271,76,M,19.05792228707832,1,0,0,124.44280499417599,148.55210763337433,0,0
P0272,47,M,27.234177957467704,0,0,0,120.28217257827974,130.0824826921142,0,0
P0273,30,M,17.0,0,0,0,126.80758865400632,194.66430312219472,0,0
P0274,32,F,24.77062263692431,0,0,0,120.66767337521883,125.24384124200651,0,0
P0275,46,F,26.60868117761187,0,0,1,151.77774843370892,121.63439020816732,0,0
P0276,49,M,20.542662664813626,0,0,0,94.3408725256149,131.5824693063958,0,0
P0277,77,F,32.19698269774669,0,1,0,150.324187128179,163.29648902304442,0,0
P0278,62,M,22.779676945008354,0,0,1,157.1345649845925,127.39728962863086,0,0
P0279,46,F,26.280821978744928,1,0,0,130.2148324424499,107.17256244168794,0,0
P0280,66,M,23.477141275708522,0,0,0,119.19802955530844,58.9654529973933,0,1
P0281,62,M,19.828309474327657,0,0,0,111.603738063588,124.25338591815502,0,0
P0282,36,M,24.10702414698278,0,0,0,148.2603486851164,121.64247076567929,0,0
P0283,66,M,31.627924604930847,0,1,0,135.10983155572697,153.77091351383146,0,1
P0284,46,F,19.949846919304186,0,1,0,131.46317159221576,130.52404138115924,0,0
P0285,50,M,20.787121042287826,0,0,0,123.11846572740865,87.43518173528062,0,0
P0286,47,F,21.769218944944793,0,0,1,117.18567332083245,123.8894230012275,0,1
P0287,45,M,29.753440714829694,0,0,0,141.52211086186904,149.19917240801982,0,0
P0288,62,M,29.35988992247693,0,1,0,103.3740966574444,171.68648662844055,0,0
P0289,66,F,20.106313181618326,0,0,0,120.1632312435848,109.28271127666082,1,0
P0290,49,M,30.77918974107665,0,0,1,141.95556634040926,121.22146507305308,0,0
P0291,45,F,29.55425664018198,0,0,0,119.70679566446132,182.54161829889253,0,0
P0292,62,F,20.845403572251527,0,0,0,107.16008171871471,105.85076059460663,0,0
P0293,39,M,29.237444057113514,0,0,0,129.76631071034694,129.30257464808014,0,0
P0294,34,M,28.87402918157864,1,0,1,149.64797650119314,92.20203933318759,0,0
P0295,76,M,22.82726354680918,0,0,0,124.62805690910591,99.80935396999415,1,1
P0296,66,M,26.778597143122525,0,0,0,116.0774352357107,98.85746265435121,0,0
P0297,69,M,30.839167739182372,1,0,0,147.22262654760416,85.39795257243327,0,0
P0298,63,M,25.265351166409744,0,0,1,134.78725551448844,94.58586051112702,0,0
P0299,45,M,21.46337617363213,0,0,0,97.05215966420481,106.25684481404328,0,0
P0300,71,F,24.950892847896217,0,0,0,108.49759236855039,100.95585374334368,0,0
P0301,59,M,28.641172955293804,0,0,0,108.10853432171436,97.4298969383876,0,0
P0302,56,F,23.784181232239558,0,0,0,150.5616576842361,135.02140797951552,0,1
P0303,35,F,25.42194787963264,0,0,0,131.61830835745943,125.09607068020594,0,0
P0304,48,M,26.386287069909258,0,0,0,116.84307278904897,116.78325803587416,0,0
P0305,65,M,24.998488106860215,0,0,0,121.61723952519316,83.56193784432301,0,0
P0306,45,M,28.5501359010879,0,0,0,120.61906390950831,130.55700347053744,0,0
P0307,68,M,20.770339907946905,0,0,0,127.81490194124419,124.09821774424432,0,1
P0308,70,F,19.750117996814932,0,0,0,111.97504867390089,171.59559626733753,0,0
P0309,36,M,32.88793944571815,0,0,1,122.54520588732504,182.0378364600009,0,0
P0310,46,F,28.629758891402016,0,0,0,131.66582863385997,124.05618279707168,0,0
P0311,54,F,25.71655442040297,1,0,0,125.28644985282875,88.75922308866286,0,0
P0312,60,M,21.14800790274399,0,0,0,123.12480486996813,128.2488580959386,0,0
P0313,50,M,22.407397343524025,1,0,0,146.5430750344614,103.71732365498812,0,1
P0314,65,F,21.710358003937547,0,0,0,112.48035334090284,73.98314748604481,0,0
P0315,74,M,24.755065883671165,0,0,0,110.31638475556014,129.08421068202372,0,0
P0316,36,F,24.426804949718676,0,0,0,141.42357142680856,118.15168503467143,0,0
P0317,50,F,25.0077082754285,1,0,0,134.7053671220369,103.32321991358845,0,0
P0318,41,M,27.11921163719224,0,0,0,140.94155054838436,117.37356823653064,0,0
P0319,32,M,18.841876998943984,0,0,1,159.18958838770578,138.06507843468597,0,0
P0320,77,M,27.168268126697484,0,0,0,114.69996563029882,100.48892861748767,0,0
P0321,75,M,27.430374432346724,1,1,1,149.23929993280882,104.80590884636658,0,1
P0322,38,M,22.820676873885734,0,0,0,147.4791255654932,109.75776253737358,0,0
P0323,77,M,29.15605410904385,0,0,0,127.79447970577928,138.9597754115372,0,1
P0324,33,M,28.296720539001605,0,0,0,117.1727492710462,144.1474142965595,0,0
P0325,35,M,23.71400384536988,0,0,0,107.50410101665774,152.27325122404852,0,0
P0326,63,M,27.773939573563286,1,0,0,147.86161542296114,128.05889817315523,0,1
P0327,78,F,24.93480761503278,1,1,0,154.49298397341502,114.8541112550491,0,1
P0328,47,M,19.93510793986901,1,0,0,127.28745455716833,134.98798414804253,0,0
P0329,65,M,18.57522472244812,1,0,0,151.759619685408,136.38427033804007,0,1
P0330,56,F,17.970436160337954,1,0,0,136.21510415463965,141.6802960934467,0,0
P0331,62,M,21.595037178467656,0,0,0,123.13263248228763,99.21019294356714,0,0
P0332,77,F,27.63480522602844,1,0,1,140.37979561571993,165.99632226575687,0,0
P0333,44,M,26.33156718874169,0,0,0,118.3414361106491,88.5767681956424,0,0
P0334,69,M,20.44741022077519,0,1,0,98.21604563734832,152.28155578397661,0,0
P0335,32,M,26.358312171434616,0,0,0,110.67183586295292,136.85125391927147,0,0
P0336,80,M,27.871927892936576,1,0,1,139.69583892116566,120.86591880856228,1,0
P0337,53,M,32.58457691645016,0,1,0,126.24761052912275,139.55989056262737,0,0
P0338,51,F,28.289365565933423,1,0,0,130.69058311770652,142.5732002344177,0,0
P0339,50,M,29.152569124220168,0,0,0,122.70446502395984,72.06830593118384,0,0
P0340,77,M,22.24051342066259,0,1,0,147.67923260410308,126.1621598771748,0,0
P0341,66,F,25.038215396588928,1,1,0,132.17289919895228,117.14514618806749,0,1
P0342,31,F,25.408190055653165,0,0,0,136.097742549173,83.25991954084265,0,0
P0343,61,F,26.00330753288336,1,0,1,160.15058420409292,123.88872432804604,0,0
P0344,43,M,21.006839254114883,0,0,0,117.53297341226109,165.24438452766552,0,0
P0345,54,M,17.29571062446447,1,0,1,145.57754797702665,164.37410075434917,0,1
P0346,54,F,29.278777842289294,0,0,1,129.33309640101754,114.22730608978486,0,1
P0347,53,F,28.97688675891244,1,0,0,133.57471548225237,98.20918887221097,0,1
P0348,50,F,24.611335570451875,0,0,1,119.00128008522378,107.22851650851099,0,0
P0349,67,M,23.389363776618914,0,0,0,116.67869158869188,126.36241783091859,0,0
P0350,65,F,33.79718097316375,0,1,0,126.5618301522911,124.60165209407923,0,0
P0351,40,F,25.061330261916176,0,0,0,101.8109026919673,149.8841821261054,0,0
P0352,71,M,29.88291476705332,0,1,0,106.75437233403603,153.69564974298538,1,1
P0353,54,M,26.25204146090916,0,0,0,135.91690130149374,82.53385657346561,0,0
P0354,44,M,30.307338818022835,0,0,0,146.19422582628624,69.18160212510466,0,0
P0355,75,M,24.322372782942942,0,0,1,128.53212826287853,103.39693630153965,0,1
P0356,65,M,19.789560014067547,1,1,0,129.53230890446014,162.33400938838207,1,1
P0357,73,M,34.664079043126875,1,0,1,153.67903522699828,126.97860464123603,0,1
P0358,54,M,29.13196361770037,0,0,0,128.6663988607436,82.08529833127005,0,0
P0359,67,F,22.724982294535515,0,0,0,127.81312570880976,77.412996650096,0,0
P0360,76,M,25.584402908384444,0,0,0,123.71337233453289,145.8976370068919,0,1
P0361,34,F,23.81182059185233,0,0,0,127.06795072422878,52.2130481133393,0,0
P0362,48,F,37.56002422155167,0,0,0,105.69647932308402,95.27891636016675,0,0
P0363,67,F,23.23301676178786,0,0,0,116.32863718827906,116.70071204643847,1,0
P0364,56,M,22.800812537001136,0,0,0,137.83366485270722,122.69813355282501,0,0
P0365,68,F,25.33452612402718,0,0,0,102.2879071991206,171.55738925700385,0,0
P0366,41,F,28.15817475851111,0,0,0,139.12878228726453,196.28881564605825,0,0
P0367,43,M,29.073963760418316,0,0,0,116.8288950655997,119.63143782127344,0,0
P0368,38,M,25.54564811006283,0,0,0,122.00026809696311,125.27539732467503,0,0
P0369,67,F,25.17294520384107,0,0,0,123.37950297736546,59.72363118859288,0,0
P0370,51,F,27.40546355226654,0,0,0,126.39413697073209,50.0,0,0
P0371,75,M,24.70664230401142,0,0,1,129.20865279305346,65.82717416859232,1,0
P0372,34,F,20.120780360054358,0,0,0,102.41049909099515,153.9752941490949,0,0
P0373,45,F,22.694824722467338,0,0,0,139.53612473267418,147.21544083786176,0,0
P0374,39,F,20.487281088211308,0,0,0,128.14875006496965,130.2631687437127,0,0
P0375,64,F,26.116860956862755,0,0,1,141.28264916189056,103.50955469884946,0,1
P0376,75,M,22.3803175550413,1,0,0,151.27008826571918,154.01910774556669,0,1
P0377,51,F,32.2690179665872,1,0,0,157.5117806014315,131.48573974994932,0,0
P0378,33,M,28.534660824771738,0,0,0,112.98925200200054,170.02055070644718,0,0
P0379,64,F,23.901850370245306,0,1,0,131.23895424978906,86.30608566872712,0,0
P0380,35,F,22.185238516327956,0,0,0,140.85926027293982,115.2881920803712,0,0
P0381,59,M,29.4685535626666,0,0,1,140.22179893788567,116.26796795218816,0,0
P0382,50,M,25.960193666310072,0,0,1,116.04432175957129,87.8002684452993,0,0
P0383,40,M,21.37341303771949,0,0,0,132.7667667279841,96.44205150642001,0,0
P0384,68,M,29.460116270513776,0,0,0,132.67852459344377,117.18331774077008,0,0
P0385,32,M,21.794761270640393,0,0,0,140.55858719027736,163.5110942710864,0,0
P0386,45,M,22.764902557370515,0,0,0,114.44024812603801,113.23371790621165,0,0
P0387,30,F,21.70335642877359,0,0,1,109.70882089991532,95.36548087435864,0,0
P0388,65,F,22.51216699897857,0,0,0,131.12991656912968,139.63014621543314,0,0
P0389,64,F,33.61695266721463,0,0,0,129.3231953823374,173.44631498685095,0,0
P0390,68,M,27.794030388180264,1,1,1,153.218021446984,118.96664911338492,0,1
P0391,33,M,22.302065161591248,0,0,0,103.61522349641349,96.25273646707598,0,1
P0392,42,F,23.72936250310151,0,0,1,124.4941923719153,148.1023506868322,0,1
P0393,44,M,22.87684810525294,1,0,0,140.6269717225824,75.8928076430978,0,1
P0394,51,F,20.509604131308258,0,0,0,114.81321479421479,120.64227082778845,0,0
P0395,38,F,18.096930993253366,0,0,0,114.2201253934847,142.34268839231112,0,0
P0396,37,F,21.630150188244357,0,0,1,125.89889957795552,123.42670323133504,0,0
P0397,35,F,25.928662595282525,0,0,0,109.52467419742581,91.02533896809706,0,0
P0398,56,F,25.745552840938373,0,0,0,135.9600157428444,135.56027294315416,0,0
P0399,48,M,22.23979658587151,0,0,0,110.2066349220731,109.0254413089063,0,0
P0400,39,M,24.57319995452514,0,0,1,112.56348542220437,118.80458168558889,0,0
P0401,63,F,25.3329545264904,1,0,0,124.75072174751172,181.76835593187204,0,1
P0402,35,M,34.81046774488907,0,0,1,141.1388334703707,121.93772520902473,0,0
P0403,67,M,27.596679108623512,1,0,0,137.80824648352015,135.151896648224,1,0
P0404,43,F,25.523257788912396,0,1,0,124.39867730968886,102.70892403031573,0,0
P0405,55,M,29.497784405082108,1,0,0,145.69955847165576,152.53968854994406,0,1
P0406,47,F,30.730019828621288,0,0,0,121.53772478935956,154.12002381978132,0,0
P0407,31,M,27.250113211539386,1,0,0,153.07025593645372,140.02798061565272,0,0
P0408,60,M,18.736464506667083,0,0,0,128.09060412686935,87.45706401302095,0,0
P0409,67,F,29.35040433493991,1,0,0,141.32120542715086,139.8805321044987,0,1
P0410,78,M,34.876844207137054,0,0,0,104.11799292042565,142.43884868838097,0,0
P0411,67,M,27.060386667128878,1,0,0,151.50209689939953,96.57381751288682,0,0
P0412,73,M,26.515425004705175,0,0,0,129.3490126479265,137.14057374800583,0,0
P0413,73,F,29.837941152868616,1,0,1,158.75504860535455,64.0567098921687,0,0
P0414,39,M,31.374806452544533,0,0,0,116.45349294768509,225.67307444446163,0,0
P0415,45,F,28.271303051200377,0,1,1,147.8922985141097,141.04833631143006,0,0
P0416,47,F,25.362560495579938,0,0,0,139.52022305898248,151.6042710652243,0,0
P0417,56,F,17.753965469686882,0,0,0,112.48162962593587,152.9813267338569,0,0
P0418,32,M,25.708766186984757,0,0,0,123.03000522318072,222.9572002423381,1,0
P0419,44,M,23.181174301705898,0,0,0,90.0,127.23836096132644,0,0
P0420,52,F,25.9922641432973,0,0,1,139.843525804771,161.18695516443665,0,0
P0421,63,M,20.343340498952685,0,0,0,119.7393161088373,50.0,0,0
P0422,76,M,31.78438566648706,0,0,0,134.3694358500682,157.76991096054743,0,0
P0423,58,F,22.61294496249631,0,0,1,125.77523935221471,158.26266323919862,0,0
P0424,37,M,20.197283005012167,0,0,0,128.53969297752602,139.16180135240256,0,0
P0425,75,F,32.66170008063959,0,0,0,124.12029882994833,88.40222880502864,0,0
P0426,71,M,21.261076425557597,0,0,0,114.95116366683686,113.78894351046875,0,0
P0427,70,M,29.323451374591908,0,0,1,148.33070983682575,116.31055061463248,0,1
P0428,40,F,21.54519018317539,0,0,1,121.54930979845568,101.63885469558306,0,0
P0429,40,F,35.30104847470562,0,0,0,126.71248797261728,120.33937213972976,0,0
P0430,39,M,20.91626457640777,0,0,0,144.12454513620267,50.0,0,0
P0431,70,M,22.152318670106315,0,0,0,137.04584162028664,168.7669936278785,0,0
P0432,48,F,23.86025439948918,1,0,0,136.87966206735408,58.70848487905859,0,0
P0433,31,F,29.87589367471174,1,0,0,155.3583037989448,155.227181206193,1,0
P0434,61,F,28.3874831099893,0,0,0,96.22648086894175,69.80394343025901,0,0
P0435,63,F,28.070360401990076,0,1,0,102.01619868699628,132.77105919658996,0,0
P0436,58,M,22.884520127617687,0,1,0,116.92235912348544,166.87270041673546,0,0
P0437,53,F,24.683520847176034,0,0,0,111.49297375381258,161.17441829436197,0,0
P0438,63,F,24.631808066132542,0,0,0,133.96350038856414,93.2769587749559,0,0
P0439,53,M,29.4620165170513,0,0,1,141.29039895119627,104.24244274236536,0,0
P0440,74,F,26.571324517511147,0,0,0,117.85123637782596,102.18807799494222,0,0
P0441,39,F,25.459450602454094,0,0,0,130.02555858265413,110.61554150478982,0,0
P0442,76,M,30.630020878919712,1,1,1,141.94533000530495,138.95301244102575,0,0
P0443,40,F,21.767721952338213,0,0,0,135.18884862591815,156.1335903830024,0,0
P0444,64,F,20.73086227891747,0,0,0,114.3106499620311,69.41690310962338,0,0
P0445,73,F,24.514001930344783,0,0,0,131.50840957283765,78.40705051344733,0,0
P0446,67,M,29.525600811087344,0,0,0,130.41128887534566,104.56094991076031,0,0
P0447,35,M,25.969378754660482,0,0,0,137.66826680828208,86.21510826809977,0,0
P0448,41,M,24.625733313375306,0,0,0,117.96048023348165,90.67046400376584,0,1
P0449,57,M,30.255355447399157,1,0,0,153.01950475600353,128.50833796848767,0,0
P0450,36,F,26.208136994131007,0,0,0,125.02250136552198,160.54644431646972,0,0
P0451,65,M,24.588175048828003,0,1,0,131.56398704926443,120.14033147183576,0,1
P0452,30,F,26.50327218530403,0,0,0,116.07325353942772,110.25207012945984,0,0
P0453,42,M,22.22683069695479,0,0,0,142.17834472420643,137.52291237691708,0,0
P0454,45,F,29.292429688880823,0,0,0,141.84001237982213,138.92252389829693,0,0
P0455,32,M,22.999416352969998,1,0,0,134.1710960636343,71.15906893948828,0,0
P0456,60,M,20.057895976942643,1,0,0,153.60727938345732,150.12063414028356,0,0
P0457,39,F,28.516802309498516,0,0,0,142.37290031949664,135.17490999498014,0,0
P0458,65,M,28.43305414524155,0,0,0,90.78546120645976,55.98677911491958,0,0
P0459,53,F,25.90145686654641,0,0,0,99.66411570873754,77.73620047097488,0,0
P0460,51,M,28.109854891921724,0,0,0,139.73691144329462,112.19520273029849,0,0
P0461,78,F,25.37035101448385,1,1,1,139.75868913134744,132.6906654152165,0,1
P0462,75,M,24.646100405295385,0,0,0,131.00264497154237,153.4830399546788,0,1
P0463,48,F,27.24240589568938,1,0,0,136.53875634158328,109.16429287790896,0,0
P0464,36,F,17.0,0,0,0,105.27422539744359,161.64972841106925,0,0
P0465,44,M,24.667053634399,1,0,0,133.56749343047537,117.99938420821492,0,0
P0466,63,F,24.630525502351198,1,0,0,135.68798535347995,128.18717070735923,0,0
P0467,76,F,30.640565379579485,0,0,0,125.0399524351276,128.7274610213355,0,0
P0468,48,F,21.119103015196373,0,0,0,110.3924026234289,128.63923861915163,0,0
P0469,45,M,23.501894378943256,0,0,0,118.27382183605448,89.8637808922144,0,0
P0470,42,F,29.26084620835265,0,0,0,125.00406612276748,132.28458103534965,0,0
P0471,67,M,17.0,0,0,0,131.41831024969747,124.44329437129298,0,1
P0472,45,M,17.0,1,0,1,147.06710925530356,153.96263990079055,0,0
P0473,43,M,27.267036355783947,0,0,0,128.00033741385027,99.39296270964141,0,0
P0474,53,M,21.302620144071664,0,0,1,117.26627619024285,77.51787407212609,0,0
P0475,73,F,27.494977482525425,1,0,0,151.39268470924577,125.28260016534291,0,1
P0476,69,M,26.597475553849048,1,0,0,147.48624888221113,94.95909722843918,0,1
P0477,67,F,29.875001342374745,0,0,0,122.82284967709624,95.90463434613011,1,0
P0478,74,M,22.911725731986806,1,0,0,154.5796830464547,90.66979762047053,0,0
P0479,70,F,22.77206495191414,1,0,0,168.4620779086809,149.42361236516362,0,0
P0480,37,F,20.328313588833936,0,0,0,137.4497214629717,146.59252311725,0,0
P0481,60,F,17.537769155743568,0,1,0,127.20074127531475,137.60988916521316,0,0
P0482,43,F,30.11364405036051,0,0,0,131.66985721813097,123.93444988906336,1,0
P0483,79,F,32.535055675500814,1,0,0,134.35524302535563,83.78746533614508,1,0
P0484,43,M,31.27188520231452,0,0,0,123.82638125377683,90.18005635452162,0,1
P0485,45,F,24.47988022289181,0,1,0,130.92605838271422,162.39030157291742,0,0
P0486,39,M,28.507685198759408,0,1,0,163.74201442661862,137.1338725398309,0,0
P0487,74,F,27.07473693161559,0,0,0,130.04731884434344,117.48478498743475,0,0
P0488,46,M,35.635188929144654,0,0,0,136.871267120727,101.69197111350606,0,0
P0489,48,F,21.065726511857495,1,0,0,131.72106191557563,104.79624523304317,0,0
P0490,66,M,21.423031799003873,0,0,1,109.93125852579118,100.26243097408796,0,0
P0491,42,M,31.543085740246127,0,1,0,111.00069274552152,163.38592521281998,0,0
P0492,78,F,23.93979560397222,1,1,1,146.48227307336688,109.1283268645948,0,0
P0493,39,M,29.279564297313563,0,1,0,140.86884632711346,100.23564223797112,0,0
P0494,58,M,24.887328655500056,0,0,0,134.22034790864436,104.70896672039228,0,0
P0495,63,M,26.109638429906006,1,0,0,146.14648503234272,130.99193996152093,1,0
P0496,65,F,17.0,0,1,0,110.6780329095102,97.3268542959367,1,0
P0497,77,M,25.17517626716693,0,1,0,105.07965274221942,188.12125024834972,0,0
P0498,55,F,25.51449051295913,0,0,0,129.91343075039762,87.45384102926742,0,0
P0499,69,M,27.430535443331596,0,0,0,113.2499537172163,57.86744290291498,0,0
P0500,77,F,21.338082235152797,0,1,0,113.71153774140042,135.63077750006534,0,0
P0501,49,M,27.43644774728453,0,0,0,129.12918317393067,69.95836014270961,0,0
P0502,49,F,26.038209183885844,1,0,0,141.7556968370454,152.3636652150758,0,0
P0503,46,M,18.596067998814934,1,0,0,122.72526990348976,112.19117608539149,0,0
P0504,57,F,35.2881574294516,0,0,0,123.55468288582048,92.4980215404488,0,1
P0505,41,M,26.539725393208606,0,1,0,131.7211661665437,162.15517168247527,0,0
P0506,58,M,30.526123262608287,0,0,1,130.18622275363353,193.4321121831125,0,0
P0507,73,F,23.871634239047374,0,0,0,147.5206869393417,63.07254209829903,0,1
P0508,80,M,32.88646462583702,1,0,0,145.18280785372863,160.3590666372824,0,0
P0509,46,M,21.106818248741657,0,0,0,126.70022048768864,68.65802593962754,0,0
P0510,72,M,25.46234793449536,1,0,0,158.48239005716806,117.40586872313311,0,0
P0511,44,M,24.473551570778664,0,0,0,127.45850503082326,94.68439293616863,0,0
P0512,56,M,25.31647039454512,1,0,1,124.16107900873482,174.2876348511055,0,0
P0513,32,M,31.384115592877464,0,0,1,135.87642375210595,129.95256877213342,0,0
P0514,47,F,34.534505182221494,0,0,0,124.49784925348479,126.40240036292735,0,0
P0515,60,M,26.3670020765717,0,0,0,125.98965065997403,115.20283582185442,0,0
P0516,80,F,27.151774658848616,0,0,0,114.84730580095145,102.05352031753458,0,0
P0517,52,M,25.65819621211406,0,0,0,141.9460465209059,128.33152138360683,0,0
P0518,72,M,20.76244117889383,0,0,0,114.83764279272555,143.8995817154501,0,0
P0519,52,F,21.951379652028706,0,0,0,132.7833047353517,93.23941434022329,0,0
P0520,66,F,25.293573133889485,1,0,0,129.77526907572795,156.36557584262167,0,1
P0521,67,F,28.749827951362228,0,0,1,134.9138224793294,57.726744948436874,0,0
P0522,65,F,27.537088280046742,1,0,0,130.0412488130408,55.89554255169412,0,0
P0523,47,M,21.94354763290147,1,0,0,129.8523863248137,123.99733572691301,0,0
P0524,66,M,22.551284012338936,0,0,0,115.5537172949769,114.71427057646494,0,0
P0525,31,M,27.424560452263126,1,0,1,137.50184963186743,133.47036675861213,0,0
P0526,74,M,28.237190575960305,0,0,0,123.13050791049699,113.82903263936167,0,0
P0527,49,M,35.162892995058826,0,0,0,113.90128601485677,157.39144067018435,0,0
P0528,45,M,18.859580142364475,0,0,0,101.39400764511997,116.67170576211967,0,0
P0529,57,M,25.90895030401982,0,0,0,142.25109801614423,161.80755290489884,0,0
P0530,79,M,30.095725402047712,0,0,0,147.27654975477205,72.38837349615048,0,0
P0531,63,M,24.059998630814626,1,0,0,122.87189547084225,131.6955023108967,0,0
P0532,74,F,26.01510859950811,1,0,0,151.8514279327199,152.81940394652003,1,1
P0533,47,M,26.84951141072862,0,0,0,129.07428453515732,77.99709784516696,0,0
P0534,61,F,28.767354272920162,1,1,0,127.42368984377785,175.39753361855952,0,1
P0535,56,F,25.207588854014887,0,0,0,112.81929129367666,93.27265986815783,0,0
P0536,72,M,32.380558551274966,1,0,0,130.42078284457264,102.1577770935769,0,0
P0537,58,M,31.93009219309943,0,0,1,143.07619220132824,140.72951648954864,0,0
P0538,79,F,21.030725974454597,0,1,0,122.07291309189178,114.55947004190948,0,0
P0539,65,M,32.573342835001455,0,0,1,152.3194104001897,154.97095815582367,0,0
P0540,34,F,17.074261101902344,0,0,0,129.96166305954426,144.25189857171318,0,0
P0541,80,F,29.775605262785135,1,1,0,143.1675052720134,180.4871290370025,0,1
P0542,41,M,38.66987221966547,0,0,0,112.63635752370197,103.43341920233549,0,0
P0543,72,M,20.11045132368912,1,1,0,133.77955238909365,158.96001511169624,0,0
P0544,77,M,23.050290966921764,1,0,0,143.69327511021964,136.80206438105785,0,0
P0545,38,M,30.871200530065387,1,0,0,127.17507732707676,155.50687366177064,0,0
P0546,66,F,22.816107581999383,1,0,0,155.30782228054548,79.27707365730481,0,0
P0547,43,F,22.062970118019802,0,0,1,114.05024476849346,141.57059994949273,0,0
P0548,55,F,27.159702270704635,0,0,0,120.07088516160431,153.76509512767865,0,0
P0549,33,F,29.77936134711606,0,1,0,122.54290151448474,173.3776957672282,0,0
P0550,62,F,33.980971070860534,1,0,0,130.53474905768954,100.75572648229303,0,0
P0551,69,M,19.096339298466063,1,0,0,147.81011504242423,118.26623031105937,0,0
P0552,68,M,27.561002531573013,1,1,0,127.33953455718729,135.74408318322813,0,1
P0553,70,F,28.59382477609478,0,0,0,98.90142416407664,158.85822599002086,0,0
P0554,47,M,22.959802065220753,1,0,0,138.25231139696837,148.60540745224162,0,0
P0555,62,F,27.699592626889128,0,0,1,133.23673194772257,134.60440470800697,0,0
P0556,34,M,26.415934728602934,1,0,0,142.44357728985915,189.6833871994745,0,0
P0557,76,M,22.751832360578696,1,1,1,141.28995093645327,107.71963784455559,0,1
P0558,80,M,32.99457866885312,1,1,0,145.6188875961034,99.43543796891201,0,1
P0559,41,F,32.40130194091258,0,0,0,102.79748641646643,105.1851145805166,0,0
P0560,35,F,24.59187667601225,0,0,1,126.85087622787643,134.36194065215625,0,0
P0561,73,M,20.21612263649566,1,0,0,153.09558919656396,128.58168753292284,0,0
P0562,31,M,26.820408930174302,0,0,0,115.99249825507964,158.23066017500656,0,0
P0563,74,M,23.047863607094172,1,0,0,167.53644277564163,121.20174105545166,0,1
P0564,70,F,23.54587807662272,1,1,0,116.78114097362123,120.96301389540758,0,1
P0565,36,F,25.094605627618034,0,0,1,146.27698477895706,173.41479981271135,0,0
P0566,38,M,27.03870962373795,0,0,0,117.56710939244452,116.31216637549151,0,0
P0567,72,F,17.95916318676779,1,0,0,143.44311071750312,112.22846393987722,0,1
P0568,74,M,28.356131377174954,0,1,0,114.56451943125485,108.27426294762577,0,0
P0569,30,F,30.040621694206685,0,0,0,116.71701620711256,140.0462744200128,0,0
P0570,68,M,17.0,1,1,0,131.32421578069471,165.87178555458598,0,0
P0571,39,M,29.377263033895865,0,0,0,134.50117481590664,153.6227602744926,0,0
P0572,36,F,19.495848454002353,0,0,0,124.96085156394743,158.72431331914336,0,0
P0573,46,M,21.015122058164778,0,1,0,122.42378311456041,72.07592273508425,0,0
P0574,78,M,30.105351581612794,1,1,1,125.21131649863617,124.65852975531244,0,1
P0575,73,M,23.169199471529062,1,0,0,129.85866956023239,125.30690746784094,1,1
P0576,39,M,23.175365709295406,0,0,1,121.10853375333443,74.65309712939852,0,0
P0577,70,M,24.52602743919834,1,0,0,150.49306212142116,93.43440159000039,0,0
P0578,76,M,23.09166310146538,0,0,0,108.62864216029128,160.6168564595664,0,0
P0579,48,F,32.87502133999116,0,1,0,110.85107391581712,184.59706043923757,0,0
P0580,68,F,20.71034504775375,0,0,1,136.78014711162743,88.48386399270643,0,1
P0581,51,F,28.271883974434108,0,0,0,124.18384892565477,143.03287577052302,0,0
P0582,52,M,29.13401676262311,1,0,0,128.19668753268434,128.0835986962461,0,0
P0583,53,F,32.06844470311904,0,0,0,126.42794727679785,147.79013340794168,0,0
P0584,77,F,30.315582630434722,0,1,0,97.02637707931427,107.26386037194592,0,0
P0585,74,F,19.99611876278434,1,1,0,143.63583364709777,117.62963108673257,0,0
P0586,50,M,26.722878304556062,1,1,0,136.68596209489044,50.0,0,0
P0587,35,M,17.939215767967966,0,0,0,151.1675986691721,98.23663537785033,0,0
P0588,48,M,23.94927265837878,0,0,0,125.9232668778876,93.5799234525837,0,0
P0589,52,M,21.890049522380775,0,1,0,122.30355122527992,155.98367282197762,0,1
P0590,61,F,28.732377748283565,0,0,0,127.2578619900875,151.1527915747161,0,1
P0591,80,M,20.515576257237502,1,0,0,145.88851481587866,137.62955268023018,0,0
P0592,48,M,30.937422397209225,1,0,0,146.58760593341773,110.37139450865126,0,1
P0593,31,M,25.91810145374007,0,0,0,136.80405307556074,124.13154724318862,0,0
P0594,67,F,19.95711137866496,0,1,0,127.4675841637976,189.19163778017372,0,1
P0595,57,F,26.432144507181064,0,1,0,138.40940649015027,58.316254959380615,0,0
P0596,70,M,25.119908654704943,0,1,0,119.71921754893162,126.14961246402387,0,1
P0597,39,F,30.218762236154543,0,0,0,125.04635910519208,107.88658386183464,0,0
P0598,30,M,18.56956829455037,0,1,0,123.37937951246109,173.96448471601286,0,0
P0599,54,M,21.826516572886323,0,0,1,121.06200397496457,95.0792023417635,0,0
P0600,32,M,22.548477135876507,0,0,1,108.54626736080498,134.50437100900913,0,0
P0601,76,M,20.758003886208556,1,0,0,153.9364115647186,112.31002305347911,0,1
P0602,78,M,26.10424419364101,1,0,0,152.0856203502568,125.00145555647144,0,1
P0603,41,M,22.798377436733166,0,0,0,102.02811230570482,103.35938786707604,0,0
P0604,38,M,25.061587765633124,0,0,0,115.7678099149003,114.24520383539549,0,0
P0605,55,M,21.062421911687544,1,0,0,155.6663969734082,95.54624456424534,0,0
P0606,57,F,26.695467729689906,0,1,0,133.98824755316917,87.51047430920195,0,0
P0607,57,M,25.66794347465147,0,0,0,112.3613157040017,118.49125095025951,0,1
P0608,32,F,23.72131954603453,0,0,0,141.02649485732812,67.05567594460695,0,0
P0609,39,M,27.50718076965662,0,0,0,124.35319471223923,142.45928138677843,0,0
P0610,43,F,27.651324319239688,0,0,0,135.50515633411436,114.38662852035993,0,0
P0611,79,F,28.93583128811257,0,0,0,119.03795612524469,135.49282866393926,0,0
P0612,40,F,29.863165469196304,0,0,0,112.5847420618082,97.44988013084031,0,0
P0613,39,M,27.470076894626942,0,0,0,152.40797200927503,118.10005906283996,0,0
P0614,38,M,17.0,0,0,0,153.46589201904592,133.0414500650665,0,0
P0615,64,F,18.46372122523999,0,0,0,106.51727915163386,125.17908835961796,0,0
P0616,78,F,25.533735578794623,1,1,0,144.97422256578426,152.6015859698316,1,1
P0617,79,F,23.62826629324232,1,1,0,140.54763598366108,134.65972308791666,0,1
P0618,35,M,24.75327703692103,1,0,0,137.06201100348494,85.23437672279198,0,0
P0619,53,F,23.27982356079085,0,0,0,156.37150190552853,85.3692066689523,0,0
P0620,35,M,17.380312518579487,1,0,0,115.9461376610901,119.4155144902863,0,0
P0621,74,M,27.210901095907484,0,1,0,139.77552403803296,147.92999552835548,0,1
P0622,75,M,20.43015330294275,1,0,0,139.793008550493,79.57418097000456,0,0
P0623,52,M,25.16419891902839,1,0,0,144.89777170489944,144.6377601211218,0,0
P0624,39,F,28.75772927880537,0,0,0,110.93855550167277,99.58273726320081,0,0
P0625,71,F,22.253097015219097,0,1,0,112.97313330029618,122.75637121021876,0,0
P0626,40,M,23.500207076167257,0,1,0,129.9386478642381,117.30800992794427,0,0
P0627,75,F,21.54602595562541,1,0,0,145.39684734375808,102.0480197309444,0,0
P0628,51,M,23.368228988683082,1,0,0,136.0978707732435,108.93245418061701,0,0
P0629,38,M,24.26759991630842,0,0,0,124.02982192476112,163.94634918219833,0,1
P0630,63,F,17.0,1,0,0,149.69367926026786,124.49964726488714,0,0
P0631,41,M,28.72438361623867,0,0,0,121.23343054684922,76.91323623401931,0,0
P0632,38,F,28.2054510582586,0,0,0,126.43539796232228,136.34056509341838,0,0
P0633,72,F,24.932661657683223,0,0,0,123.13483109296831,93.80270974912409,0,0
P0634,47,M,25.214204912734388,1,0,1,143.16471464453213,132.383905390908,0,0
P0635,30,M,27.93928903219838,1,0,0,137.9481022930728,127.4055006567961,0,0
P0636,52,F,28.591191282640693,1,1,0,160.91213892083297,122.95606795552263,0,0
P0637,41,F,22.61776766829216,0,0,0,125.23731377382758,60.03185906405504,0,0
P0638,52,F,27.87932834624994,0,0,0,99.1700551427686,66.88465640505353,0,0
P0639,40,M,19.61144596396056,0,0,0,112.29414640723121,142.32252279931726,0,0
P0640,71,M,29.427066749357564,0,0,1,148.89969838953766,116.39064469477766,0,1
P0641,54,M,21.954450562908285,1,0,1,144.2690741852555,99.61158740046088,0,0
P0642,74,F,22.70502910040327,0,0,1,112.5820391183727,86.34948068975329,0,0
P0643,58,F,27.91206039587471,1,0,0,147.00361543012133,99.09995586396055,0,0
P0644,59,F,23.888253471913217,1,0,0,138.4026718878825,126.85591304912779,0,0
P0645,64,F,28.952551892141077,1,0,0,123.0615627910206,165.5797678716043,0,0
P0646,60,M,23.898036605681472,1,0,0,114.7474163912264,124.01242820612813,0,0
P0647,77,F,23.078246886398095,1,0,0,135.78667025252227,100.77009298720921,1,1
P0648,78,F,27.895711479221422,0,0,0,99.8662179423045,130.53527457471748,0,0
P0649,46,F,28.892290878528755,1,0,0,146.59391000856937,87.78436434661538,0,0
P0650,78,F,21.23989226477897,1,0,1,149.41352195532647,111.59282130805173,0,1
P0651,77,M,30.644389426130424,1,0,0,152.1998163145609,92.1173033636181,0,1
P0652,72,F,18.35294499986048,1,0,0,141.55358774066514,168.16993309632986,0,0
P0653,73,F,22.77370404152086,0,1,0,123.9839978495897,136.20884067040774,0,0
P0654,58,F,24.60433971561481,0,0,0,116.3829764959833,120.32247879148085,0,0
P0655,31,M,31.742442376653617,1,0,0,156.00116139820645,79.2554781105709,0,0
P0656,42,M,29.48387136115238,1,0,1,125.0952311728949,114.25253096138147,0,0
P0657,40,M,22.530525684803962,1,0,0,148.6938576789479,150.82644710979164,0,0
P0658,77,M,26.361001524094956,0,0,0,110.21614179990118,112.72000861437087,0,1
P0659,44,M,27.85169039701075,0,0,0,107.54975855969985,87.76554839801844,0,0
P0660,32,M,24.98322292677556,0,0,0,139.03410676556524,115.70287805007811,0,0
P0661,50,M,23.32359780519116,0,0,0,129.89804604946474,92.37490525840525,0,0
P0662,62,F,28.567335371134444,1,0,0,148.24227570672352,85.90173210884093,0,1
P0663,43,M,26.94640401865827,0,0,0,123.7037133086589,50.0,0,0
P0664,45,F,31.930578965128113,0,0,0,140.1397487652612,180.44778415204513,0,0
P0665,48,F,26.176240720938,1,0,0,161.29587055058823,102.93608714897209,0,0
P0666,68,F,26.252779374150283,0,1,0,105.44640975617406,169.61372032194657,0,1
P0667,33,F,27.638776239972778,0,0,0,125.92561706684891,120.0684175154759,0,0
P0668,63,F,30.45588387766712,1,0,0,128.11286643464777,91.52038308464884,0,0
P0669,44,M,24.39730331615564,0,0,0,129.07674701530885,170.62443263291848,0,0
P0670,79,F,20.30704634683513,1,0,1,140.96734888197548,118.05047844388262,0,0
P0671,76,F,24.72824472977236,0,0,0,123.61974801943221,102.20917078327233,0,1
P0672,42,F,23.27207683749289,1,0,0,143.98922735582872,151.58330001604784,0,1
P0673,68,F,27.57282120674579,0,1,1,130.28295314065986,149.47714302515786,0,0
P0674,45,F,32.6070940154379,0,0,0,121.50906564650958,160.55349850626936,0,0
P0675,64,M,23.778044627358724,0,0,0,133.05017056973776,121.88024472998475,0,0
P0676,34,M,35.7721740443993,0,0,0,151.12863609304256,95.5014156384882,1,0
P0677,79,M,26.367471215469337,0,0,0,127.52269273292106,105.30607080360966,0,0
P0678,71,M,32.56457657540869,0,0,1,108.59853472993983,128.06022703624146,0,0
P0679,48,M,26.249872842145585,0,0,0,118.44939117040774,156.63960581512544,0,0
P0680,62,M,25.797247539531188,0,0,0,117.59337178566322,73.59637723350747,0,0
P0681,78,F,29.193500509336502,1,0,0,135.86702533654818,117.12651517244946,0,1
P0682,31,M,25.415378777214553,0,0,0,117.91283000240699,79.82088216881021,0,0
P0683,64,F,21.257553119802285,1,0,0,145.60115276901848,71.11824893397355,0,0
P0684,67,F,22.488002906760492,0,0,0,111.16717852357762,113.49632088639162,0,1
P0685,55,M,25.854246133330236,1,0,0,144.21045311721335,89.57030453165798,0,0
P0686,59,F,25.367421510596266,1,0,0,122.82348474844228,58.77592136134104,0,0
P0687,34,F,18.98105614916259,0,0,1,134.35291004436507,83.57070788970601,0,0
P0688,44,M,28.821308578032863,0,0,0,143.5701200040065,103.3952692164418,0,0
P0689,36,F,23.15445253649354,1,0,1,149.77805427699016,108.33660329567518,0,1
P0690,34,M,25.745807823247976,0,0,0,115.73940882248998,50.0,0,0
P0691,58,M,24.169483999059103,0,1,0,140.70227503022664,211.75504012324512,0,0
P0692,78,F,26.293583234726384,1,0,0,133.15881639398913,144.4605204346702,0,1
P0693,60,F,26.087312725851355,0,0,0,124.29927957132234,78.92781789362621,0,0
P0694,78,M,22.93884900187086,0,0,1,119.2506168945622,71.75793929470075,0,0
P0695,60,F,24.28288848230352,0,1,0,112.90794165353019,93.83020118026889,0,0
P0696,65,M,24.071866856269498,0,0,0,108.29237605257288,103.68901467504791,0,0
P0697,35,F,29.594973475757886,1,0,0,169.4145845619508,103.10999568918467,0,0
P0698,49,M,30.938725172165313,1,1,0,145.17828546948917,112.4011893419476,0,0
P0699,36,M,19.652040664950384,0,0,1,140.3147200054641,83.18114851640372,0,0
P0700,34,M,27.56674218082142,0,0,0,118.69463856085497,118.69532657302719,0,0
P0701,65,F,22.095682955763728,1,1,0,130.61281289389566,112.85555242108076,0,0
P0702,58,F,24.655439050031752,0,0,1,118.63451471660281,123.4802265832392,0,1
P0703,78,F,21.23044446833035,0,0,1,145.62662568912492,138.27241126668855,0,0
P0704,75,M,24.75184496717992,1,1,0,141.46838080971273,110.4546638023232,0,0
P0705,62,M,19.66438181723719,0,0,1,128.372215436222,122.43639343922813,0,0
P0706,39,F,21.777815994293892,0,0,0,140.2228267608371,133.337963032695,1,0
P0707,69,M,21.88503400105236,0,0,1,127.49619793224863,118.30254232026977,0,0
P0708,79,M,22.218560366246365,1,1,0,135.3793190720524,179.83037059973984,0,0
P0709,39,F,18.839272031236618,0,0,0,133.57797582302777,163.09529756957897,0,1
P0710,60,M,26.74487436575598,0,0,0,116.03653919674859,130.00039399566688,0,0
P0711,61,M,30.28301461602072,0,0,0,141.615110301496,133.9113848087357,0,0
P0712,71,M,24.201739818171454,1,1,0,123.58647516837532,140.7139956308955,0,0
P0713,32,F,24.5106217639112,0,0,0,138.17253572876098,132.51524791694843,0,0
P0714,58,F,25.499383806913485,0,0,0,148.68020181537747,158.88361306901044,0,0
P0715,69,F,28.443707551800856,1,0,0,134.55335575417269,64.56621441354231,0,1
P0716,35,F,25.69933829406342,0,0,0,110.0752334354608,91.98156049534127,0,0
P0717,64,M,23.633193905915,1,0,0,147.2155179015968,71.72926257877755,0,0
P0718,36,F,26.24354519494148,0,0,0,104.16843324049248,72.00320870360537,0,0
P0719,72,F,20.30887867049769,0,0,1,162.86224552170012,112.35737891494493,0,1
P0720,64,F,28.715589560311315,0,1,0,100.84663981433754,154.84176000231713,0,1
P0721,37,F,21.655860476127163,0,1,0,124.20380288425075,103.84180977137623,0,0
P0722,58,F,26.579814036599476,0,0,0,115.3531299910265,133.82658922257656,0,0
P0723,37,F,31.622704514386136,0,0,1,111.3873668344595,138.90169975009533,0,0
P0724,59,F,28.907571928333684,0,0,0,146.79632582772018,171.758078736148,0,0
P0725,76,F,26.038211018314858,0,0,1,122.98011007602332,90.35837901671485,0,1
P0726,32,M,26.685910435795375,0,0,0,129.5344387071605,72.39552322613545,0,0
P0727,55,M,31.97047626888469,0,0,0,143.38014243882355,63.26836992023022,0,0
P0728,66,F,23.553122028775782,0,0,1,132.5952503804573,117.28832908232725,0,0
P0729,77,M,25.282563477609763,1,0,0,133.57781117695168,95.25031650984661,1,0
P0730,54,M,27.889126481874893,0,0,0,134.63215892174105,125.58760324368065,0,0
P0731,65,M,27.03829305804502,1,0,1,151.38174470560438,105.08609401702836,0,0
P0732,66,F,27.214361603069218,0,1,1,130.07032470496878,110.68625093176495,0,0
P0733,44,F,29.831681617959642,0,0,0,126.30277423503334,120.86802872862688,0,0
P0734,64,F,22.722917078588036,1,0,0,142.00515462376362,62.975967557680896,1,0
P0735,41,F,27.306957214291977,0,0,1,147.21436439881143,124.05014533672258,0,0
P0736,72,M,27.231553316256523,0,0,0,119.78677647284184,191.54683854674863,0,0
P0737,60,M,27.769586971950517,0,0,0,119.74722551670254,114.92812748039812,0,0
P0738,30,M,21.010005979354023,1,0,1,148.7127180538513,121.70829506326577,0,1
P0739,68,M,29.304000291506554,1,0,0,132.080491181134,85.59034129346384,0,1
P0740,64,M,24.913110736045578,0,1,0,119.68476956088656,194.81796463011568,0,0
P0741,40,M,28.297938905196872,0,0,1,110.29621807150495,98.76079574028657,0,0
P0742,61,M,23.969288747899142,1,0,1,148.7894787963424,95.15290126196786,0,0
P0743,41,M,25.05319452931693,1,0,0,143.86353538256856,114.16786038279689,0,0
P0744,53,F,23.871967969124892,0,0,1,129.25227793873606,171.19304789312093,0,0
P0745,62,M,26.172936163214725,1,1,0,128.23906406688457,164.0676072192402,0,1
P0746,80,F,29.880577251025823,1,0,0,143.14652822357655,58.02604941782307,0,0
P0747,71,F,23.389388738202694,1,0,0,158.0559649202407,107.73053518462193,0,0
P0748,67,M,25.519445957598865,0,1,0,136.9386118505837,171.51980163747515,0,0
P0749,58,M,30.051507945238217,0,0,0,126.85244797818656,138.52448552896445,0,1
P0750,58,F,20.650365194961193,0,0,1,133.2425573385855,80.50938162012108,0,0
P0751,75,F,25.736334717792992,1,0,0,142.00091305686172,126.1651789644528,0,0
P0752,56,F,27.14538105018467,0,0,0,131.1630775033723,91.66648775621003,0,0
P0753,56,F,22.968266730970985,1,1,0,150.12914589429244,139.3643344751077,0,0
P0754,47,M,21.467557291617773,0,0,1,136.75194514718473,137.15084384328918,0,1
P0755,71,F,22.630828274022228,0,0,0,119.01445704050238,119.90429103470916,0,0
P0756,40,F,24.947491246223965,0,0,1,120.52099945541501,137.84114587831624,0,0
P0757,56,M,28.106257799971495,0,0,0,131.82125084199063,86.61132980523075,0,0
P0758,77,F,23.347618581391817,1,0,0,146.41030353037473,175.06298244515654,0,0
P0759,54,M,28.978869030930404,1,0,0,135.32436436258527,88.92991276044724,0,0
P0760,79,M,26.25586442673143,1,1,1,121.07816842142005,117.40820015840956,0,0
P0761,36,M,17.574302605524,0,0,0,113.44530559116828,143.87039321431283,0,1
P0762,39,M,27.68403214944055,0,0,0,132.93259249474067,156.7394559812319,0,0
P0763,60,M,28.840545451872508,1,0,0,131.42836638346998,134.75573447738998,0,0
P0764,44,F,29.408336879973668,0,0,0,120.41553570119923,127.61770746695323,0,0
P0765,49,M,22.891183727090635,1,0,0,155.10095079011802,88.43931032930635,0,0
P0766,37,M,28.00192794273284,0,0,0,138.38550238155543,150.52445945803274,0,0
P0767,35,M,23.6327661735915,0,0,0,108.9308844605726,77.17924460260784,0,0
P0768,61,M,25.79014895791878,1,0,0,148.52998104710184,122.80469140445982,1,0
P0769,44,M,22.589047822090553,1,0,0,147.46467271895327,119.76672433146715,0,0
P0770,65,M,25.17853225349857,0,1,0,147.7880111928134,146.56772808723025,1,0
P0771,70,F,22.93981897461466,1,0,0,142.64027103726957,100.0434125833821,0,0
P0772,70,F,23.488101568057587,0,0,1,123.97639611035385,93.8825302145149,0,1
P0773,35,F,23.241975924821087,0,0,0,117.24441809447806,108.53964281985427,0,0
P0774,40,F,27.533633645555334,0,0,1,104.97181456383157,159.28295859509484,0,0
P0775,52,F,34.92083073940337,0,0,0,134.77243986450372,101.76426707464594,0,0
P0776,65,F,23.088499452035915,1,0,0,141.6212473225438,108.89653723220493,0,0
P0777,65,M,29.074631110561246,1,0,0,144.768690105005,132.2280270130006,0,0
P0778,78,F,28.439471895337423,1,0,0,140.3999589340073,113.40486672314675,0,1
P0779,57,F,23.971117147439347,1,0,1,131.4427206225016,105.30277947403596,0,0
P0780,34,M,25.926867219641785,0,0,0,133.5317967644954,147.50279043157533,0,0
P0781,51,M,19.732668048140503,0,0,0,130.679107496408,157.1494363162854,0,0
P0782,56,F,25.70292643267205,0,1,0,133.2563941172475,200.63094342953883,0,0
P0783,51,M,19.422477438113123,1,0,0,133.2999237063337,87.08750998967429,0,0
P0784,30,F,21.669755892394612,1,0,0,129.5700751815402,186.671031010693,0,0
P0785,50,F,21.17589186332511,0,0,0,135.74629714047956,56.58919013233204,0,0
P0786,78,F,19.86497242442568,1,0,0,129.5768339290925,159.32504635439847,0,1
P0787,79,M,17.0,0,0,1,134.68057325164645,104.63965317489185,0,1
P0788,72,F,26.648667171605787,1,1,0,133.37204857699913,129.37301000243687,0,0
P0789,41,F,24.974009269927148,0,0,0,129.9964061628834,107.62834165650938,0,0
P0790,53,M,27.511425760878883,0,0,0,121.18744953110631,117.30310022437888,0,0
P0791,30,F,24.888559053010614,1,0,0,141.05852955272223,125.20440708509771,0,0
P0792,80,M,19.71530240608879,1,1,0,134.7783754193072,133.2588437218815,0,0
P0793,34,M,24.778561016230785,0,0,1,108.8263575185386,93.99804458296724,0,0
P0794,77,M,24.58528231111687,0,0,1,132.6874463466422,164.24929990407503,0,0
P0795,49,F,29.146587889817837,1,0,0,136.23652282170906,140.42352410607867,0,1
P0796,45,M,23.216229638166467,0,0,0,102.14806339731608,146.11539096409487,0,0
P0797,67,F,24.100924438052257,0,0,0,129.68601863195076,68.2052582450141,0,0
P0798,35,F,24.655485459087508,1,0,1,134.75090012205186,140.4023677845582,0,0
P0799,46,M,18.294077217859588,0,0,1,134.394405148535,121.57958652562722,0,0
P0800,55,M,28.808686796936385,1,0,0,126.32870312002892,125.962023846304,0,0
